level	parent_id	id	name
1	877	71140	Ямало-Ненецкий АО
2	71140	71166	Шурышкарский район
2	71140	71153	Красноселькупский район
2	71140	71158	Приуральский район
2	71140	71156	Надымский район
2	71140	71160	Пуровский район
2	71140	71168	Ямальский район
2	71140	71163	Тазовский район
2	71140	71175	г. Муравленко
2	71140	71178	г. Ноябрьск
2	71140	71172	г. Губкинский
2	71140	71176	г. Новый Уренгой
2	71140	71171	г. Салехард
2	71140	71173	г. Лабытнанги
1	877	71100	Ханты-Мансийский АО
2	71100	71126	Сургутский район
2	71100	71119	Нижневартовский район
2	71100	71129	Ханты-Мансийский район
2	71100	71118	Нефтеюганский район
2	71100	71116	Кондинский район
2	71100	71124	Советский район
2	71100	71121	Октябрьский район
2	71100	71111	Белоярский район
2	71100	71112	Березовский район
2	71100	71183	г. Когалым
2	71100	71132	г. Лангепас
2	71100	71133	г. Мегион
2	71100	71135	г. Нижневартовск
2	71100	71184	г. Покачи
2	71100	71137	г. Радужный
2	71100	71136	г. Сургут
2	71100	71134	г. Нефтеюганск
2	71100	71185	г. Пыть-Ях
2	71100	71138	г. Урай
2	71100	71139	г. Нягань
2	71100	71187	г. Югорск
1	877	71	Тюменская область
2	71	712581	Ярковский район
2	71	712531	Юргинский район
2	71	712501	Упоровский район
2	71	712481	Уватский район
2	71	712381	Сорокинский район
2	71	712361	Сладковский район
2	71	712341	Омутинский район
2	71	712321	Нижнетавдинский район
2	71	712301	Казанский район
2	71	712241	Исетский район
2	71	712181	Голышмановский район
2	71	712151	Викуловский район
2	71	712131	Вагайский район
2	71	712101	Бердюжский район
2	71	712071	Аромашевский район
2	71	712051	Армизонский район
2	71	712031	Абатский район
2	71	712563	Ялуторовский район
2	71	71244	Тюменский район
2	71	71242	Тобольский район
2	71	712261	Ишимский район
2	71	712221	Заводоуковский район
2	71	71401	г. Тюмень
2	71	71410	г. Тобольск
1	877	10011	Ненецкий АО
2	10011	11100	Ненецкий АО
1	877	99	Еврейская автономная область
2	99	99205	Биробиджанский район
2	99	99230	Смидовичский район
2	99	99225	Октябрьский район
2	99	99220	Облученский район
2	99	99210	Ленинский район
2	99	99401	г. Биробиджан
1	877	98	Республика Саха (Якутия)
2	98	98212	Булунский район
2	98	98242	Оленёкский  район
2	98	98210	Анабарский Национальный район
2	98	98222	Жиганский район
2	98	98231	Мирнинский район
2	98	98248	Сунтарский район
2	98	98227	Ленский район
2	98	98226	Нюрбинский район
2	98	98214	Верхневилюйский район
2	98	98259	Эвено-Бытантайский Национальный район
2	98	98216	Верхоянский район
2	98	98218	Вилюйский район
2	98	98220	Горный район
2	98	98224	Кобяйский район
2	98	98203	Алданский район
2	98	98241	Олекминский район
2	98	98206	Аллаиховский район
2	98	98201	Абыйский район
2	98	98256	Усть-Янский район
2	98	98237	Нижнеколымский район
2	98	98246	Среднеколымский район
2	98	98215	Верхнеколымский район
2	98	98233	Момский Национальный район
2	98	98239	Оймяконский район
2	98	98401	г. Якутск
2	98	98235	Намский район
2	98	98252	Усть-Алданский район
2	98	98254	Усть-Майский район
2	98	98250	Томпонский район
2	98	98229	Мегино-Кангаласский район
2	98	98204	Таттинскийрайон
2	98	98258	Чурапчинский район
2	98	98111	Нерюнгринский район
2	98	98208	Амгинский район
2	98	98244	Хангаласский район
1	877	97	Чувашская Республика
2	97	97258	Янтиковский район
2	97	97255	Яльчикский район
2	97	97253	Ядринский район
2	97	97247	 Шемуршинский район
2	97	97241	Цивильский район
2	97	97238	Урмарский район
2	97	97235	Порецкий район
2	97	97232	Моргаушский район
2	97	97229	Мариинско-Посадский район
2	97	97226	Красночетайский район
2	97	97224	Красноармейский район
2	97	97221	Комсомольский район
2	97	97219	Козловский район
2	97	97213	Ибресинский район
2	97	97210	Вурнарский район
2	97	97207	Батыревский район
2	97	97205	Аликовский район
2	97	97250	Шумерлинский район
2	97	97216	Канашский район
2	97	97244	Чебоксарский район
2	97	97203	Алатырский район
2	97	97407	г. Канаш
2	97	97410	г. Новочебоксарск
2	97	97401	г. Чебоксары
1	877	96	Чеченская Республика
2	96	96013	Шаройский район
2	96	96009	Ножай-Юртовский район
2	96	96002	Веденский районд
2	96	96014	Шатойский район
2	96	96005	Итум-Калинский район
2	96	96006	Курчалоевский район
2	96	96011	Урус-Мартановский район
2	96	96001	Ачхой-Мартановский район
2	96	96010	Сунженский район
2	96	96007	Надтеречный район
2	96	96015	Шелковской район
2	96	96008	Наурский район
2	96	96003	Гронзенский район
2	96	96012	Шалинский район
2	96	96004	Гудермесский район
2	96	96401	Грозный
2	96	96402	Аргун
1	877	95	Республика Хакасия
2	95	95225	Таштапский район
2	95	95212	Бейский район
2	95	95230	Усть-Абаканский район
2	95	95235	Ширинский район
2	95	95220	Орджоникидзевский район
2	95	95215	Боградский район
2	95	95208	Аскизский район
2	95	95205	Алтайский район
2	95	95402	г. Абаза
2	95	95408	г. Саяногорск
2	95	95401	г. Абакан
2	95	95415	г. Черногорск
2	95	95409	г. Сорск
1	877	94	Удмуртская Республика
2	94	94401	г. Ижевск
2	94	94252	Ярский район
2	94	94250	Якшур-Бодьинский район
2	94	94248	Юкаменский район
2	94	94246	Шарканский район
2	94	94244	Увинский район
2	94	94241	Сюмский район
2	94	94239	Селтинский район
2	94	94233	Малопургинский район
2	94	94230	Красногорский район
2	94	94228	Киясовский район
2	94	94226	Кизнерский район
2	94	94224	Кезский район
2	94	94222	Каракулинский район
2	94	94220	Камбарский район
2	94	94218	Игринский район
2	94	94216	Завьяловский район
2	94	94214	Дебесский район
2	94	94212	Граховский район
2	94	94206	Вавожский район
2	94	94204	Балезинский район
2	94	94237	Сарапульский район
2	94	94210	Глазовский район
2	94	94208	Воткинский район
2	94	94235	Можгинский район
2	94	94202	Алнашский район
2	94	94440	г.Сарапул
2	94	94430	г.Можга
2	94	94420	г.Глазов
2	94	94410	г.Воткинск
1	877	93	Республика Тыва
2	93	93401	г.Кызыл
2	93	93222	Кызылский кожуун
2	93	93258	Эрзинский кожуун
2	93	93257	Чеди-Хольский кожуун
2	93	93256	Чаа-Хольский кожуун
2	93	93254	Улуг-Хемский кожуун
2	93	93250	Тоджинский кожуун
2	93	93245	Тес-Хемский кожуун
2	93	93243	Тере-Хольский кожуун
2	93	93240	Тандинский кожуун
2	93	93238	Сут-Хольский кожуун
2	93	93235	Пий-Хемский кожуун
2	93	93230	Овюрский кожуун
2	93	93225	Монгун-Тайгинский кожуун
2	93	93220	Каа-Хемский кожуун
2	93	93215	Дзун-Хемчикский кожуун
2	93	93205	Бай-Тайгинский кожуун
2	93	93210	Барун-Хемчикский кожуун
2	93	93403	г. Ак-Довурак
1	877	92	Республика Татарстан
2	92	92256	Тюлячинский район
2	92	92254	Ютазинский район
2	92	92258	Черемшанский район
2	92	92253	Сармановский район
2	92	92252	Сабинский район
2	92	92248	Пестречинский район
2	92	922461	Нурлатский район
2	92	92245	Новошешминский район
2	92	92242	Муслюмовский район
2	92	92236	Лениногорский район
2	92	92233	Кукморский район
2	92	92229	Кайбицкий район
2	92	92227	Заинский район
2	92	92224	Дрожжановский район
2	92	92222	Высокогорский район
2	92	92218	Буинский район
2	92	92217	Бугульминский район
2	92	92215	Балтасинский район
2	92	92214	Бавлинский район
2	92	92213	Атнинский район
2	92	92212	Арский район
2	92	92210	Апастовский район
2	92	92208	Альметьевский район
2	92	92207	Алькеевский район
2	92	92204	Аксубаевский район
2	92	92202	Азнакаевский район
2	92	92255	Тетюшский район
2	92	92232	Спасский район
2	92	92206	Алексеевский район
2	92	92259	Чистопольский район
2	92	92238	Мамадышский район
2	92	92244	Нижнекамский район
2	92	92226	Елабужский район
2	92	92201	Агрызский район
2	92	92240	Мензелинский район
2	92	92205	Актанышский район
2	92	92250	Рыбно-Слободский район
2	92	92230	Камско-Устьинский район
2	92	92220	Верхнеуслонский район
2	92	92401	г. Казань
2	92	92234	Лаишевский район
2	92	92239	Менделеевский район
2	92	92228	Зеленодольский район
2	92	92257	Тукаевский район
2	92	92430	г. Набережные Челны
1	877	91	Карачаево-Черкесская Республика
2	91	91230	Прикубанский район
2	91	91225	Адыге-Хабальский район
2	91	91215	Карачаевский район
2	91	91405	г.Черкесск
2	91	91203	Хазбесский район
2	91	91240	Усть-Джегутинский район
2	91	91235	Урупский район
2	91	91220	Малокарачаевский район
2	91	91210	Зеленчукский район
2	91	1	Ногайский район
2	91	91201	Абазинский район
2	91	61405	г.Карачаевск
1	877	90	Республика Северная Осетия - Алания
2	90	90401	г. Владикавказ
2	90	90240	Пригородный район
2	90	90235	Правобережный район
2	90	90230	Моздокский район
2	90	90225	Кировский район
2	90	90220	Ирафский район
2	90	90215	Дигорский район
2	90	90210	Ардонский район
2	90	90205	Алагирский район
1	877	84	Республика Алтай
2	84	84215	Майминский район
2	84	84240	Усть-Коксинский район
2	84	84235	Усть-Канский район
2	84	84250	Шебалинский район
2	84	84243	Чемальский район
2	84	84220	Онгудайский район
2	84	84245	Чойцкий район
2	84	84225	Турочакский район
2	84	84230	Улаганский район
2	84	84210	Кош-Агачский район
2	84	84401	г. Горно-Алтайск
1	877	83	Кабардино-Балкарская Республика
2	83	83401	г.Нальчик
2	83	83248	Баксанский район
2	83	83230	Зольский район
2	83	83245	Лескенский район
2	83	83240	Майский район
2	83	83235	Прохладненский район
2	83	83225	Терский район
2	83	83220	Урванский район
2	83	83218	Чегемский район
2	83	83215	Черекский район
2	83	83210	Эльбрусский район
2	83	83410	г.Прохладный
1	877	82	Республика Дагестан
2	82	82401	г.Махачкала
2	82	82249	Тарумовский район
2	82	82207	Бабаюртовский район
2	82	82236	Кумторкалинский район
2	82	82221	Докузпаринский район
2	82	82206	Ахтынский район
2	82	82230	Курахский район
2	82	82201	Агульский район
2	82	82247	Сулейман-Стальский район
2	82	82237	Магарамкентский район
2	82	82255	Хивский район
2	82	82242	Рутульский район
2	82	82232	Лакский район
2	82	82216	Гунибский район
2	82	82259	Чародинский район
2	82	82251	Тляратинский район
2	82	82258	Цунтинский район
2	82	82257	Цумадинский район
2	82	82229	Кулинский район
2	82	82248	Табасаранский район
2	82	82218	Дахадаевский район
2	82	82203	Акушинский район
2	82	82234	Левашинский район
2	82	82205	Ахвахский район
2	82	82246	Шамильский район
2	82	82256	Хунзахский район
2	82	82209	Ботлихский район
2	82	82213	Гергебильский район
2	82	82253	Унцукульский район
2	82	82215	Гумбетовский район
2	82	82222	Казбековский район
2	82	82223	Кайтагский район
2	82	82239	Новолакский район
2	82	82244	Сергокалинский район
2	82	82240	Ногайский район
2	82	82227	Кизлярский район
2	82	82254	Хасавюртовский район
2	82	82226	Кизилюртовский район
2	82	82211	Буйнакский район
2	82	82235	Карабудахкентский район
2	82	82220	Дербентский район
2	82	82224	Каякентский район
2	82	82438	г.Южно-Сухокумск
2	82	82430	г.Кизляр
2	82	82435	г.Хасавюрт
2	82	82425	г.Кизилюрт
2	82	82405	г.Буйнакск
2	82	82420	г.Каспийск
2	82	82415	г.Избербаш
2	82	82408	г.Дагестанские Огни
2	82	82410	г.Дербент
1	877	81	Республика Бурятия
2	81	81257	Хоринский район
2	81	81251	Тункинскийрайон
2	81	81248	Селенгинский район
2	81	81242	Прибайкальский район
2	81	81239	Окинский район
2	81	81236	Мухоршибирский район
2	81	81235	Муйский район
2	81	81233	Кяхтинский район
2	81	81230	Курумканский район
2	81	81227	Кижингинский район
2	81	81224	Кабанский район
2	81	81221	Закаменский район
2	81	81218	Заиграевский район
2	81	81215	Еравнинский район
2	81	81212	Джидинский район
2	81	81209	Бичурский район
2	81	81206	Баунтовский район
2	81	81203	Баргузинский район
2	81	81250	Тарбагатайский район
2	81	81222	Иволгинсий район
2	81	81245	Северобайкальский район
2	81	81401	г. Улан-Удэ
2	81	81420	г. Северобайкальск
1	877	89	Республика Мордовия
2	89	89401	г.Саранск
2	89	89257	Чамзинский район
2	89	89254	Торбеевский район
2	89	89251	Теньгушевский район
2	89	89249	Темниковский район
2	89	89246	Старошайговский район
2	89	89240	Ромодановский район
2	89	89243	Рузаевский район
2	89	89237	Лямбирский район
2	89	89234	Краснослободский район
2	89	89231	Кочкуровский район
2	89	89229	Ковылкинский район
2	89	89228	Кадошкинский район
2	89	89226	Ичалковский район
2	89	89224	Инсарский район
2	89	89221	Зубово-Полянский район
2	89	89218	Ельниковский район
2	89	89216	Дубенский район
2	89	89213	Большеигнатовский район
2	89	89210	Большеберезниковский район
2	89	89207	Атяшевский район
2	89	89205	Атюрьевский район
2	89	89203	Ардатовский район
1	877	88	Республика Марий Эл
2	88	88256	Юринский район
2	88	88252	Советский район
2	88	88248	Сернурский район
2	88	88244	Параньгинский район
2	88	88240	Оршанский район
2	88	88236	Новоторьяльский район
2	88	88232	Моркинский район
2	88	88224	Мари-Турекский район
2	88	88220	Куженерский район
2	88	88216	Килемарский район
2	88	88212	Звениговский район
2	88	88204	Волжский район
2	88	88228	Медведевский район
2	88	88208	Горномарийский район
2	88	88405	г. Волжск
2	88	88401	г. Йошкар-Ола
1	877	87	Республика Коми
2	87	87410	г. Воркута
2	87	87420	Печорский район
2	87	87412	Вуктыльский район
2	87	87415	г. Инта
2	87	87423	г. Усинск
2	87	87422	Сосногорский район
2	87	87425	г.Ухта
2	87	87248	Усть-Куломский район
2	87	87236	Троицко-Печорский район
2	87	87208	Княжпогостский район
2	87	87204	Ижемский район
2	87	87252	Усть-Цилемский район
2	87	87240	Удорский район
2	87	87244	Усть-Вымский район
2	87	87216	Корткеросский район
2	87	87232	Сысольский район
2	87	87224	Прилузский район
2	87	87212	Койгородский район
2	87	87228	Сыктывдинский район
2	87	87401	г. Сыктывкар
1	877	86	Республика Карелия
2	86	86406	г.Костомукшка
2	86	86209	Калевальский район
2	86	86250	Суоярвский район
2	86	86242	Пудожский район
2	86	86239	Пряжинский район
2	86	86230	Олонецкий район
2	86	86227	Муезёрский район
2	86	86224	Медвежьегорский район
2	86	86221	Лоухский район
2	86	86218	Лахденпохский район
2	86	86204	Беломорский район
2	86	86206	Сортавальский район
2	86	86245	Сегежский район
2	86	86236	Прионежский район
2	86	86233	Питкярантский район
2	86	86212	Кемский район
2	86	86215	Кондопожский район
2	86	86401	г.Петрозаводск
1	877	85	Республика Калмыкия
2	85	85215	Лаганский
2	85	85242	Черноземельский
2	85	85210	Ики-Бурульский
2	85	85232	Сарпинский
2	85	85220	Малодербетовский
2	85	85223	Октябрьский
2	85	85246	Юстинский
2	85	85225	Кетченеровский
2	85	85254	Яшкульский
2	85	85250	Яшалтинский
2	85	85228	Приютненский
2	85	85205	Городовиковский
2	85	85237	Целинный
2	85	80417	Элиста
1	877	80	Республика Башкортостан
2	80	80259	Янаульский
2	80	80258	Шаранский
2	80	80257	Чишминский
2	80	80256	Чекмагушевский
2	80	80255	Хайбуллинский
2	80	80254	Федоровский
2	80	80253	Учалинский
2	80	80250	Татышлинский
2	80	80251	Туймазинский
2	80	80249	Стерлитамакский
2	80	80248	Стерлибашевский
2	80	80247	Салаватский
2	80	80245	Нуримановский
2	80	80244	Миякинский
2	80	80243	Мишкинский
2	80	80242	Мечетлинский
2	80	80241	Мелеузовский
2	80	80239	Куюргазинский
2	80	80240	Кушнаренковский
2	80	80238	Кугарчинский
2	80	80237	Краснокамский
2	80	80236	Кигинский
2	80	80235	Кармаскалинский
2	80	80234	Караидельский
2	80	80233	Калтасинский
2	80	80231	Ишимбайский
2	80	80230	Илишевский
2	80	80228	Иглинский
2	80	80227	Зилаирский
2	80	80226	Зианчуринский
2	80	80225	Ермекеевский
2	80	80224	Дюртюлинский
2	80	80223	Дуванский
2	80	80222	Давлекановский
2	80	80221	Гафурийский
2	80	80219	Бурзянский
2	80	80218	Бураевский
2	80	80217	Буздякский
2	80	80215	Благовещенский
2	80	80214	Благоварский
2	80	80213	Бирский
2	80	80212	Бижбулякский
2	80	80211	Белорецкий
2	80	80210	Белокатайский
2	80	80209	Белебеевский
2	80	80208	Балтачевский
2	80	80207	Бакалинский
2	80	80206	Баймакский
2	80	80205	Аургазинский
2	80	80204	Аскинский
2	80	80203	Архангельский
2	80	80202	Алышеевский
2	80	80201	Абзелиловский
2	80	80252	Уфимский
2	80	80443	Сибай
2	80	80439	Стерлитамак
2	80	80435	Октябрьский
2	80	80427	Нефтекамск
2	80	80507	Межгорье
2	80	80423	Кумертау
2	80	80420	Салават
2	80	80403	Агидель
2	80	80417	Уфа
1	877	79	Республика Адыгея
2	79	79222	Майкопский
2	79	79205	Гиагинский
2	79	79240	Шовгеновский
2	79	79215	Кошехабльский
2	79	79218	Красногвардейский
2	79	79230	Тахтамукайский
2	79	79233	Теучежский
2	79	79403	г. Адыгейск
2	79	79401	г. Майкоп
1	877	78	Ярославская область
2	78	78405	г.Переславль-Зелесский
2	78	78401	г.Ярославль
2	78	78415	г.Рыбинск
2	78	78209	Брейтовский район
2	78	78221	Мышкинский район
2	78	78246	Угличский район
2	78	78234	Пешехонский район
2	78	78229	Первомайский район
2	78	78237	Ростовский район
2	78	78218	Любимский район
2	78	78223	Некоузский район
2	78	78215	Даниловский район
2	78	78243	Тутаевский район
2	78	78212	Гаврилов-Ямский район
2	78	78226	Некрасовский район
2	78	78203	Большесельский район
2	78	78232	Переславский район
2	78	78250	Ярославский район
2	78	78240	Рыбинский район
2	78	78206	Борисоглебский район
1	877	77	Чукотский автономный округ
2	77	77233	Чукотский район
2	77	77230	Чаунский район
2	77	77220	Провиденский район
2	77	77215	Иультинский район
2	77	77209	Билибинский район
2	77	77203	Анадырский район
2	77	77401	г. Анадырь
1	877	76	Забайкальский край
2	76	76255	Шилкинский район
2	76	76252	Шелопугинский район
2	76	76248	Чернышевский район
2	76	76247	Хилокский район
2	76	76244	Тунгокоченский район
2	76	76242	Тунгиро-Олекминский район
2	76	76240	Сретенский район
2	76	76238	Приаргунский район
2	76	76236	Петровск-Забайкальский район
2	76	76234	Ононский район
2	76	76232	Оловяннинский район
2	76	76230	Нерчинско-Заводский район
2	76	76228	Нерчинский район
2	76	76226	Могочинский район
2	76	76128	Могойтуйский район
2	76	76224	Кыринский район
2	76	76222	Красночикойский район
2	76	76220	Карымский район
2	76	76218	Калганский район
2	76	76215	Каларский район
2	76	76212	Забайкальский район
2	76	76211	Дульдургинский район
2	76	76210	Газимуро-Заводский район
2	76	76204	Александрово-Заводский район
2	76	76203	Акшинский район
2	76	76202	Агинский район
2	76	76250	Читинский район
2	76	76246	Улетовский район
2	76	76221	Краснокаменский район
2	76	76209	Борзинский район
2	76	76206	Балейский район
2	76	76401	г. Чита
2	76	76585	пос. Горный
1	877	75	Челябинская область
2	75	75434	г.Миасс
2	75	75415	г.Карабаш
2	75	75412	г.Злотоуст
2	75	75406	г.Верхний Уфалей
2	75	75259	Чесменский район
2	75	75256	Уйский район
2	75	75249	Саткинский район
2	75	75248	Пластовский район
2	75	75247	Октябртский район
2	75	75244	Нязепетровский район
2	75	75242	Нагайбакский район
2	75	75238	Кусинский район
2	75	75236	Кунашакский район
2	75	75234	Красноармейский район
2	75	75233	Коркиский район
2	75	75232	Кизильский район
2	75	75223	Карталинский район
2	75	75220	Еткульский район
2	75	75219	Еманжелинский район
2	75	75217	Верхнеуральский район
2	75	75214	Варненский район
2	75	75212	Брединский район
2	75	75209	Ашинский район
2	75	75206	Аргаяшский район
2	75	75428	г.Кыштым
2	75	75226	Каслинский район
2	75	75558	г.Челябинск
2	75	75252	Сосновский  район
2	75	75257	Чебаркульский район
2	75	75229	Катав-Ивановский район
2	75	75255	Увельский район
2	75	75254	Троичкий район
2	75	75203	Агаповский район
2	75	75464	г. Южноуральск
2	75	75455	г. Усть-Катав
2	75	75452	г. Троицк
2	75	75507	г. Трёхгорный
2	75	75545	г. Снежинск
2	75	75543	г. Озёрск
2	75	75438	г. Магнитогорск
2	75	755581	пос. Локомотивный
2	75	754281	г. Копейск
1	877	73	Ульяновская область
2	73	73254	Цильнинский район
2	73	73248	Тереньгульский район
2	73	73244	Сурский район
2	73	73242	Старомайнский район
2	73	73239	Старокулаткинский район
2	73	73236	Сенгелеевский район
2	73	73234	Радищевский район
2	73	73232	Павловский район
2	73	73229	Новоспасский район
2	73	73227	Новомалыклинский район
2	73	73225	Николаевский район
2	73	73220	Майнский район
2	73	73216	Кузоватовский район
2	73	73214	Карсунский район
2	73	73210	Инзенский район
2	73	73207	Вешкаймский район
2	73	73202	Базарносызганский  район
2	73	73222	Мелекесский район
2	73	73256	Чердаклинский район
2	73	73252	Ульяновский район
2	73	73204	Барышский район
2	73	73401	г. Ульяновск
2	73	73405	г. Дмитровград
2	73	73415	г. Новоульяновск
1	877	70	Тульская область
2	70	70222	Заокский район
2	70	70202	Алексинский район
2	70	70250	Ясногорский район
2	70	70212	Веневский район
2	70	70234	Новомосковский район
2	70	70226	Кимовский район
2	70	70228	Киреевский район
2	70	70240	Суворовский район
2	70	70218	Дубенский район
2	70	70204	Арсеньевский район
2	70	70236	Одоевский район
2	70	70208	Богородицкий район
2	70	70230	Куркинский район
2	70	70238	Плавский район
2	70	70246	Чернский район
2	70	70224	Каменский район
2	70	70206	Белевский район
2	70	70216	Воловский район
2	70	70220	Ефремовский район
2	70	702422	Тепло-Огаревский район
2	70	70248	Щекинский район
2	70	70244	Узловский район
2	70	70401	г.Тула
2	70	70412	г. Донской
1	877	69	Томская область
2	69	69258	Шегарский
2	69	69256	Чаинский
2	69	69252	Тегульдетский
2	69	69248	Первомайский
2	69	69240	Молчановский
2	69	69236	Кривошеински
2	69	69232	Колпашевский
2	69	69228	Кожевниковский
2	69	69224	Каргасокский
2	69	69220	Зырянский
2	69	69216	Верхнекетский
2	69	69212	Бакчарский
2	69	69208	Асиновский
2	69	69254	Томский
2	69	69244	Парабельский
2	69	69204	Александровский
2	69	80417	Стрежевой
2	69	80418	Кедровый
2	69	80419	Северск
2	69	80420	Томск
1	877	68	Тамбовская область
2	68	68246	Уметский район
2	68	68244	Уваровский район
2	68	68242	Токаревский район
2	68	68236	Староюрьевский район
2	68	68234	Сосновский район
2	68	68232	Сампурский район
2	68	68230	Ржаксинский район
2	68	68228	Рассказовский район
2	68	68226	Пичаевский район
2	68	68224	Петровский район
2	68	68222	Первомайский район
2	68	68220	Никиворовский район
2	68	68218	Мучкапский район
2	68	68214	Мордовский район
2	68	68210	Кирсановский район
2	68	68208	Инжавинский район
2	68	68206	Знаменский район
2	68	68204	Жердевский район
2	68	68203	Гавриловский район
2	68	68202	Бондарский район
2	68	68240	Тамбовский район
2	68	68216	Моршанский район
2	68	68212	Мичуринский район
2	68	68410	г.Котовск
2	68	68420	г.Моршанск
2	68	68415	г.Мичуринск
2	68	68401	г.Тамбов
1	877	66	Смоленская область
2	66	66236	Рославльский район
2	66	66244	Смоленский район
2	66	66216	Духовщинский район
2	66	662581	Ярцевский район
2	66	662211	Ершичский район
2	66	66256	Шумячский район
2	66	66252	Хиславичский район
2	66	66233	Починсковский район
2	66	66219	Ельнинский район
2	66	66209	Глинковский район
2	66	66227	Монастырщинский район
2	66	66224	Краснинский район
2	66	66250	Угранский район
2	66	66205	Вяземский район
2	66	66248	Темкинский район
2	66	66208	Гагаринский район
2	66	66246	Новодугинский район
2	66	66238	Холм-Жирковский район
2	66	66230	Сычевский район
2	66	662301	Демидовский район
2	66	66203	Велижский район
2	66	66254	Руднянский район
2	66	66223	Кардымовский район
2	66	66214	Дорогобужский район
2	66	66241	Сафоновский район
2	66	66401	г. Смоленск
2	66	66410	г. Десногорск
1	877	65	Свердловская область
2	65	652221	Каменский ГО
2	65	652571	Шалинский ГО
2	65	652281	Нижнесергиский р-н
2	65	652411	Сысертский ГО
2	65	654091	Асбестовский ГО
2	65	652271	Невьянский ГО
2	65	652231	Камышловский р-н
2	65	6547051	Верхняя Тура
2	65	6545351	ГО Верхний Тагил
2	65	6542051	Среднеуральск
2	65	655421	ГО Лесной
2	65	655401	Новоуральский ГО
2	65	654841	ГО Ревда
2	65	654821	Полевской ГО
2	65	654801	ГО Первоуральск
2	65	654781	ГО Нижняя Тура
2	65	654681	Красноуфимск
2	65	654601	ГО Красноуральск
2	65	654531	Кировградский ГО
2	65	654481	Качканарский ГО
2	65	654261	Заречный
2	65	654201	Верхняя Пышма
2	65	654121	Березовский ГО
2	65	654011	г.Екатеринбург
2	65	652501	Тугулымский р-н
2	65	652491	Талицкий ГО
2	65	652401	ГО Сухой Лог
2	65	652361	Режевской ГО
2	65	652331	Пышминский р-н
2	65	652241	Красноуфимский р-н
2	65	652101	ГО Богданович
2	65	652041	Ачитский ГО
2	65	652031	Артинский ГО
2	65	652021	Артемовский ГО
2	65	652011	ГО Алапаевск
2	65	6548451	ГО Дегтярск
2	65	654771	ГО Нижняя Салда
2	65	652111	Верхнесалдинский ГО
2	65	655721	ЗАТО Свободный
2	65	654701	Кушвинский ГО
2	65	654761	ГО Нижний Тагил
2	65	65218	Ирбитское МО
2	65	654455	Волчанский ГО
2	65	652012	Алапаевский р-н
2	65	65492	Серовский ГО
2	65	65490	Североуральский ГО
2	65	65456	ГО Краснотурьинск
2	65	65445	ГО Карпинск
2	65	65428	Ивдельский ГО
2	65	65254	Туринский ГО
2	65	65248	Тавдинский ГО
2	65	65245	Таборинский р-н
2	65	65239	Слободо-Туринский район
2	65	65238	Серовский р-н
2	65	65229	Новолялинский ГО
2	65	65215	Гаринский ГО
2	65	65212	ГО Верхотурский
2	65	65208	Байкаловский район
2	65	652091	Белоярский р-н
2	65	65570	МО пос. Уральский
1	877	64	Сахалинская область
2	64	64236	Охинский район
2	64	64232	Ногликский район
2	64	64256	Южно-Курильский район
2	64	64220	Курильский район
2	64	64243	Северо-Курильский район
2	64	64252	Углегорский район
2	64	64228	Невельский район
2	64	64254	Холмский район
2	64	64250	Тымовский район
2	64	64248	Томаринский район
2	64	64246	Смирныховский район
2	64	64240	Поронайский район
2	64	64224	Макаровский район
2	64	64216	Корсаковский район
2	64	64212	Городской район
2	64	64208	Анивский район
2	64	64204	Александровск-Сахалинский район
2	64	64401	г. Южно-Сахалинск
1	877	63	Саратовская область
2	63	63249	Хвалынский район
2	63	63248	Федоровский район
2	63	63247	Турковский район
2	63	63244	Советский район
2	63	63242	Самойловский
2	63	63241	Ртищевский район
2	63	63240	Романовский район
2	63	63239	Ровенский район
2	63	63236	Питерский район
2	63	63235	Петровский район
2	63	63234	Перелюбский район
2	63	63232	Озинский район
2	63	63230	Новоузенский район
2	63	63229	Новобурасский район
2	63	63226	Марксовский район
2	63	63225	Лысогорский район
2	63	63224	Краснопартизанский район
2	63	63223	Краснокутский район
2	63	63222	Красноармейский район
2	63	63221	Калининский район
2	63	63219	Ивантеевский район
2	63	63217	Ершовский район
2	63	63216	Екатериновский район
2	63	63214	Духовницкий район
2	63	63213	Дергачевский район
2	63	63212	Воскресенский район
2	63	63209	Балтайский район
2	63	63208	Балашовский район
2	63	63206	Базарно-Карабулакский район
2	63	63204	Аткарский район
2	63	63203	Аркадакский район
2	63	63202	Александрово-Гайский район
2	63	63207	Балаковский район
2	63	63250	Энгельский район
2	63	63211	Вольский район
2	63	63246	Татищевский район
2	63	63243	Саратовский район
2	63	63237	Пугачевский
2	63	63575	г.Саратов
2	63	63545	ЗАТО Шиханы
2	63	63401	ЗАТО Солнечный
1	877	61	Рязанская область
2	61	61234	Рязанский район
2	61	61258	Шиловский район
2	61	61256	Шацкий район
2	61	61253	Чучковский район
2	61	61250	Ухоловский район
2	61	61248	Старожиловский район
2	61	61246	Спасский район
2	61	61244	Скопинский район
2	61	61242	Сасовский район
2	61	61240	Сараевский район
2	61	61237	Сапожковский район
2	61	61230	Ряжский район
2	61	61227	Рыбновский район
2	61	61226	Путятинский район
2	61	61225	Пронский район
2	61	61223	Пителинский район
2	61	61220	Александро-Невский район
2	61	61217	Михайловский район
2	61	61215	Милославский район
2	61	61212	Кораблинский район
2	61	61210	Клепиковский район
2	61	61208	Касимовский район
2	61	61206	Кадомский район
2	61	61204	Захаровский район
2	61	61202	Ермишинский район
2	61	61401	г. Рязань
1	877	60	Ростовская область
2	60	60401	г.Ростов-на-Дону
2	60	60211	Шолоховский район
2	60	60258	Чертковский район
2	60	60257	Цимлянский район
2	60	60256	Целинский район
2	60	60255	Усть-Донецкий район
2	60	60254	Тацинский район
2	60	60253	Тарасовский район
2	60	60252	Советский район
2	60	60251	Семикаракорский район
2	60	60250	Сальский район
2	60	60248	Родионово-Несветайский район
2	60	60247	Ремонтненский район
2	60	60245	Пролетарский район
2	60	60244	Песчанокопский район
2	60	60242	Орловский район
2	60	60240	Обливский район
2	60	60235	Мясниковский район
2	60	60234	Морозовский район
2	60	60233	Милютинский район
2	60	60232	Миллеровский район
2	60	60231	Матвеево-Курганский район
2	60	60230	Мартыновский район
2	60	60227	Куйбышевский район
2	60	60225	Константиновский район
2	60	60224	Кашарский район
2	60	60222	Кагальницкий район
2	60	60219	Зимовниковский район
2	60	60218	Зерноградский район
2	60	60217	Заветнинский район
2	60	60215	Егорлыкский район
2	60	60213	Дубовский район
2	60	60209	Веселовский район
2	60	60208	Верхнедонский район
2	60	60207	Боковский район
2	60	60206	Белока-литвенский район
2	60	60205	Багаевский район
2	60	60236	Неклиновский район
2	60	60201	Азовский район
2	60	60202	Аксайский район
2	60	60241	Октябрьский район
2	60	60226	Красносулинский район
2	60	60223	Каменский район
2	60	60212	Волгодонский район
2	60	60440	г.Шахты
2	60	60437	г.Таганрог
2	60	60430	г.Новошахтинск
2	60	60427	г.Новочеркасск
2	60	60419	г.Каменск-Шахтинский
2	60	60418	г.Зверево
2	60	60417	г.Донецк
2	60	60415	г.Гуково
2	60	60412	г.Волгодонск
2	60	60407	г.Батайск
1	877	58	Псковская область
2	58	58216	Куньинский район
2	58	58258	Усьвятский район
2	58	58226	Новосокольнический район
2	58	58250	Пустошкинский район
2	58	58220	Невельский район
2	58	58254	Себежский район
2	58	58229	Опочецкий район
2	58	58214	Красногородский район
2	58	58253	Пыталовский район
2	58	58251	Пушкиногорский район
2	58	58233	Островский район
2	58	58218	Локнянский район
2	58	58204	Бежаницкий район
2	58	58223	Новоржевский район
2	58	58247	Порховский район
2	58	58212	Дновский район
2	58	58210	Дедовичский район
2	58	58208	Гдовский район
2	58	58243	Плюсский район
2	58	58256	Струго-Красненский район
2	58	58240	Печорский район
2	58	58237	Палкинский район
2	58	58206	Великолукский район
2	58	58249	Псковский район
2	58	58410	г.Великие Луки
2	58	58401	г.Псков
1	877	57	Пермский край
2	57	89008	Юсьвинский район
2	57	89007	Кудымкарский район
2	57	89006	Юрлинский район
2	57	89005	Косинский район
2	57	89004	Кочевский район
2	57	89003	Гайнский район
2	57	86043	Чайковский район
2	57	86031	Кизеловский район
2	57	86028	Добрянский район
2	57	86025	Губахинский район
2	57	86022	Гремячинский район
2	57	86016	Александровский район
2	57	86013	Чусовской район
2	57	86010	Чернушинский район
2	57	86007	Чердынский район
2	57	86004	Частинский район
2	57	86001	Усольский район
2	57	86002	Березниковский район
2	57	85998	Уинский район
2	57	85995	Суксунский район
2	57	85992	Соликамский район
2	57	85989	Сивинский район
2	57	85986	Пермский район
2	57	86034	Краснокамский район
2	57	85983	Очерский район
2	57	85980	Оханский район
2	57	85977	Осинский район
2	57	85974	Ординский район
2	57	85971	Октябрьский район
2	57	85968	Нытвенский район
2	57	85965	Лысьвенский район
2	57	85962	Кунгурский район
2	57	85959	Куединский район
2	57	85956	Красновишерский район
2	57	85953	Кишертский район
2	57	85950	Карагайский район
2	57	85947	Ильинский район
2	57	85944	Еловский район
2	57	85941	Горнозаводский район
2	57	85938	Верещагинский район
2	57	85935	Большесосновский район
2	57	85932	Березовский район
2	57	85929	Бардымский район
2	57	86037	Пермь
2	57	85987	Звездный
1	877	56	Пензенская область
2	56	56401	г.Пенза
2	56	56255	Пензенский район
2	56	56259	Шемышейский район
2	56	56258	Тамалинский район
2	56	56200	Спаский район
2	56	56257	Сосновоборский район
2	56	56254	Пачелмский район
2	56	56253	Никольский район
2	56	56251	Нижнеломовский район
2	56	56249	Неверкинский район
2	56	56247	Наровчатский район
2	56	56245	Мокшанский район
2	56	56244	Мало-сердобинский район
2	56	56243	Лунийский район
2	56	56242	Лопатинский район
2	56	56233	Колышлейский район
2	56	56231	Камешкирский район
2	56	56226	Иссинский район
2	56	56223	Земетчинский район
2	56	56218	Городищенский район
2	56	56215	Вадинский район
2	56	56212	Белинский район
2	56	56209	Бековский район
2	56	56203	Башмаковский район
2	56	56256	Сердобский район
2	56	56240	Кузнецкий район
2	56	56229	Каменский район
2	56	56213	Бессоновский район
2	56	56534	г.Заречный
2	56	56405	г.Кузнецк
1	877	54	Орловская область
2	54	54215	Должанский район
2	54	54229	Ливенский район
2	54	54223	Колпнянский район
2	54	54232	Малоархангельский район
2	54	54210	Глазуновский район
2	54	54254	Троснянский район
2	54	54212	Дмитровский район
2	54	54250	Покровский район
2	54	54252	Свердловский район
2	54	54208	Верховский район
2	54	54224	Краснозоренский район
2	54	54239	Новодеревеньковский район
2	54	54259	Шаблыкинский район
2	54	54253	Сосковский район
2	54	54225	Кромской район
2	54	54257	Хотынецкий район
2	54	54255	Урицкий район
2	54	54220	Знаменский район
2	54	54204	Болховский район
2	54	54226	Корсаковский район
2	54	54236	Мценский район
2	54	54243	Новосильский район
2	54	54218	Залегощенский район
2	54	54247	Орловский район
2	54	54401	г. Орел
1	877	53	Оренбургская область
2	53	53250	Сорочинский
2	53	53413	Гайский
2	53	53224	Кувандыкский
2	53	53212	Бузулукский
2	53	53211	Бугурусланский
2	53	53230	Новоорский
2	53	53234	Оренбургский
2	53	53259	Ясненский
2	53	53256	Шарлыкский
2	53	53253	Тюльганский
2	53	53252	Тоцкий
2	53	53251	Ташлинский
2	53	53244	Соль-Илецкий
2	53	53243	Северный
2	53	53242	Светлинский
2	53	53241	Саракташский
2	53	53240	Сакмарский
2	53	53238	Пономаревский
2	53	53237	Переволоцкий
2	53	53236	Первомайский
2	53	53233	Октябрьский
2	53	53231	Новосергиевский
2	53	53227	Матвеевский
2	53	53225	Курманаевский
2	53	53223	Красно-гвардейский
2	53	53222	Кваркенский
2	53	53219	Илекский
2	53	53217	Домбаровский
2	53	53215	Грачевский
2	53	53210	Беляевский
2	53	53207	Асекеевский
2	53	53206	Александровский
2	53	53205	Акбулакский
2	53	53204	Адамовский
2	53	53203	Абдулинский
2	53	53401	г.Оренбург
2	53	53420	г.Новотроицк
2	53	53423	г.Орск
2	53	53408	г.Бугуруслан
2	53	53412	г.Бузулук
2	53	53214	г.Гай
2	53	53415	г.Медногорск
2	53	53427	г. Сорочинск
1	877	52	Омская область
2	52	52255	Тевризский район
2	52	52212	Знаменский район
2	52	52254	Тарский район
2	52	52206	Большеуковский район
2	52	52221	Колосовский район
2	52	52226	Крутинский район
2	52	52236	Называевский район
2	52	52251	Саргатский район
2	52	52256	Тюкалинский район
2	52	52232	Москаленский район
2	52	52252	Седельниковский район
2	52	52257	Усть-Ишимский район
2	52	52203	Большереченский район
2	52	52234	Муромцевский район
2	52	52239	Нижнеомский район
2	52	52215	Исилькульский район
2	52	52229	Любинский район
2	52	52244	Омский район
2	52	52248	Полтавский район
2	52	52401	г. Омск
2	52	52218	Калачинский район
2	52	52243	Оконешниковский район
2	52	52209	Горьковский район
2	52	52223	Кормиловский район
2	52	52230	Марьяновский район
2	52	52259	Шербакульский район
2	52	52201	Азовский немецкий национальный  район
2	52	52253	Таврический район
2	52	52258	Черлакский район
2	52	52241	Нововаршавский район
2	52	52250	Русско-Полянский район
2	52	52242	Одесский район
2	52	52246	Павлоградский район
1	877	50	Новосибирская область
2	50	50259	Чулымский район
2	50	50258	Чистоозерный район
2	50	50257	Черепановский район
2	50	50256	Чановский район
2	50	50255	Усть-Тарский район
2	50	50254	Убинский район
2	50	50252	Тогучинский район
2	50	50250	Татарский район
2	50	50248	Сузунский район
2	50	50244	Северный район
2	50	50242	Ордынский район
2	50	50238	Мошковский район
2	50	50236	Маслянинский район
2	50	50234	Кыштовский район
2	50	50232	Купинский район
2	50	50230	Куйбышевский район
2	50	50227	Красноозерский район
2	50	50225	Кочковский район
2	50	50223	Коченевский район
2	50	50221	Колыванский район
2	50	50219	Каргатский район
2	50	50217	Карасукский район
2	50	50213	Здвинский район
2	50	50210	Доволенский район
2	50	50208	Венгеровский район
2	50	50206	Болотнинский район
2	50	50204	Барабинский район
2	50	50203	Баганский район
2	50	50215	Искитимский район
2	50	50240	Новосибирский район
2	50	50240552	г.Кольцово
2	50	50417	г.Обь
2	50	50408	г.Бердск
2	50	50401	г.Новосибирск
1	877	49	Новгородская область
2	49	49255	Шимский район
2	49	49250	Чудовский район
2	49	49247	Холмский район
2	49	49245	Хвойнинский район
2	49	49239	Старорусский район
2	49	49238	Солецкий район
2	49	49234	Поддорский район
2	49	49232	Пестовский район
2	49	49230	Парфинский район
2	49	49228	Окуловский район
2	49	49224	Мошенской район
2	49	49223	Маревский район
2	49	49220	Маловишерский район
2	49	49216	Любытинский район
2	49	49214	Крестецкий район
2	49	49212	Демянский район
2	49	49210	Волотовский район
2	49	49208	Валдайский район
2	49	49206	Боровичский район
2	49	49203	Батецкий район
2	49	49225	Новгородский район
2	49	49401	г.Великий Новгород
1	877	47	Мурманская область
2	47	47220	Терский район
2	47	47419	ГО Полярнозорский
2	47	47405	ГО Апатитский
2	47	47412	ГО Кировский
2	47	47417	ГО Оленегорский
2	47	47415	ГО Мончегорский
2	47	47203	ГО Ковдорский район
2	47	47408	Кандалакшский район
2	47	47215	Печенгский район
2	47	47401	г. Мурманск
2	47	47210	Ловозерский район
2	47	47531	г. Островной
2	47	47530	г. Североморск
2	47	475551	г.Александровск
2	47	47205	 Кольский район
2	47	47555	пос. Видяево
2	47	47533	г. Заозерск
1	877	46	Московская область
2	46	46259	Щелковский
2	46	46228	Ленинский
2	46	46238	Наро-Фоминский
2	46	46493	Юбилейный
2	46	46490	Электросталь
2	46	5	Электрогорск
2	46	46489	Щербинка
2	46	46483	Химки
2	46	46480	Фрязино
2	46	46470	Серпухов
2	46	46465	Рошаль
2	46	46464	Реутов
2	46	46462	Пущино
2	46	46467	Протвино
2	46	46460	Подольск
2	46	46457	Орехово-Зуево
2	46	46441	Лыткарино
2	46	4	Лосино-Петровский
2	46	46440	Лобня
2	46	46505	Краснознаменск
2	46	46443	Красноармейск
2	46	3	Котельники
2	46	46434	Королёв
2	46	46438	Коломна
2	46	46436	Климовск
2	46	46432	Ивантеевка
2	46	46430	Звенигород
2	46	2	Звёздный-городок
2	46	46425	Жуковский
2	46	46424	Железнодорожный
2	46	46418	Дубна
2	46	46416	Долгопрудный
2	46	46411	Дзержинский
2	46	464621	Восход
2	46	1	Власиха
2	46	46405	Бронницы
2	46	46258	Шаховской
2	46	46257	Шатурский
2	46	46256	Чеховский
2	46	46254	Талдомский
2	46	46253	Ступинский
2	46	46252	Солнечногорский
2	46	46251	Серпуховский
2	46	46215	Сергиево-Посадский
2	46	46250	Серебряно-Прудский
2	46	46249	Рузский
2	46	46248	Раменский
2	46	46247	Пушкинский
2	46	46246	Подольский
2	46	46245	Павлово-Посадский
2	46	46243	Орехово-Зуевский
2	46	46242	Озёрский
2	46	46241	Одинцовский
2	46	46239	Ногинский
2	46	46234	Мытищинский
2	46	46233	Можайский
2	46	46231	Люберецкий
2	46	46230	Луховицкий
2	46	46229	Лотошинский
2	46	46223	Красногорский
2	46	46222	Коломенский
2	46	46221	Клинский
2	46	46220	Каширский
2	46	46218	Истринский
2	46	46216	Зарайский
2	46	46212	Егорьевский
2	46	46209	Домодедово
2	46	46208	Дмитровский
2	46	46206	Воскресенский
2	46	46205	Волоколамский
2	46	46204	Балашиха
1	877	45	г. Москва
2	45	45283593	Южное Тушино
2	45	45283587	Щукино
2	45	45283582	Хорошево-Мневники
2	45	45283577	Строгино
2	45	45283573	Северное Тушино
2	45	45283569	Покровское-Стрешнево
2	45	45283559	Митино
2	45	45283555	Куркино
2	45	45272580	Крюково
2	45	45272576	Старое Крюково
2	45	45272572	Силино
2	45	45272568	Савёлки
2	45	45272562	Матушкино
2	45	45277598	Хорошевский
2	45	45277595	Ховрино
2	45	45277592	Тимирязевский
2	45	45277589	Сокол
2	45	45277586	Савеловский
2	45	45277584	Молжаниновский
2	45	45277583	Левобережный
2	45	45277580	Коптево
2	45	45277577	Западное Дегунино
2	45	45277574	Дмитровский
2	45	45277571	Головинский
2	45	45277568	Восточное Дегунино
2	45	45277565	Войковский
2	45	45277559	Бескудниковский
2	45	45277556	Беговой
2	45	45277553	Аэропорт
2	45	45280597	Ярославский
2	45	45280594	Южное Медведково
2	45	45280585	Северный
2	45	45280583	Северное Медведково
2	45	45280580	Свиблово
2	45	45280577	Ростокино
2	45	45280574	Отрадное
2	45	45280572	Останкинский
2	45	45280569	Марьина роща
2	45	45280567	Марфино
2	45	45280565	Лосиноостровский
2	45	45280563	Лианозово
2	45	45280561	Бутырский
2	45	45280558	Бибирево
2	45	45280556	Бабушкинский
2	45	45280554	Алтуфьевский
2	45	45280552	Алексеевский
2	45	45296597	Чертаново Южное
2	45	45296595	Чертаново Центральное
2	45	45296593	Чертаново Северное
2	45	45296590	Царицыно
2	45	45296579	Орехово-Борисово Южное
2	45	45296577	Орехово-Борисово Северное
2	45	45296575	Нагорный
2	45	45296573	Нагатинский затон
2	45	45296571	Нагатино-Садовники
2	45	45296569	Москворечье-Сабурово
2	45	45296565	Зябликово
2	45	45296561	Донской
2	45	45296559	Даниловский
2	45	45296557	Братеево
2	45	45296555	Бирюлево Западное
2	45	45296553	Бирюлево Восточное
2	45	45290594	Южнопортовый
2	45	45290590	Текстильщики
2	45	45290586	Рязанский
2	45	45290582	Печатники
2	45	45290578	Нижегородский
2	45	45290572	Марьино
2	45	45290568	Люблино
2	45	45290564	Лефортово
2	45	45290562	Кузьминки
2	45	45290558	Капотня
2	45	45290554	Выхино-Жулебино
2	45	45290574	Некрасовка
2	45	45263594	Преображенское
2	45	45263591	Сокольники
2	45	45263588	Соколиная гора
2	45	45263585	Северное Измайлово
2	45	45263583	Перово
2	45	45263581	Метрогородок
2	45	45263579	Новокосино
2	45	45263576	Новогиреево
2	45	45263573	Косино-Ухтомский
2	45	45263570	Измайлово
2	45	45263567	Ивановское
2	45	45263564	Гольяново
2	45	45263561	Поселок Восточный
2	45	45263558	Восточное Измайлово
2	45	45263555	Вешняки
2	45	45263552	Богородское
2	45	45293598	Ясенево
2	45	45293594	Южное Бутово
2	45	45293590	Черемушки
2	45	45293586	Теплый Стан
2	45	45293582	Северное Бутово
2	45	45293578	Обручевский
2	45	45293574	Ломоносовский
2	45	45293570	Котловка
2	45	45293566	Коньково
2	45	45293562	Зюзино
2	45	45293558	Гагаринский
2	45	45293554	Академический
2	45	45268597	Фили-Давыдково
2	45	45268595	Филевский парк
2	45	45268592	Тропарево-Никулино
2	45	45268588	Солнцево
2	45	45268584	Раменки
2	45	45268581	Проспект Вернадского
2	45	45268579	Очаково-Матвеевское
2	45	45268577	Ново-Переделкино
2	45	45268569	Можайский
2	45	45268562	Кунцево
2	45	45268560	Крылатское
2	45	45268554	Дорогомилово
2	45	45268552	Внуково
2	45	45286596	Якиманка
2	45	45286590	Хамовники
2	45	45286585	Тверской
2	45	45286580	Таганский
2	45	45286575	Пресненский
2	45	45286570	Мещанский
2	45	45286565	Красносельский
2	45	45286560	Замоскворечье
2	45	45286555	Басманный
2	45	45286552	Арбат
2	45	45298583	Щаповское поселение
2	45	45298578	г. Троицк
2	45	45298575	Роговское поселение
2	45	45298572	Первомайское поселение
2	45	45298567	Новофёдоровское поселение
2	45	45298564	Михайлово-Ярцевское поселение
2	45	45298561	Краснопахорское поселение
2	45	45298558	Клёновское
2	45	45298555	Киевский
2	45	45298553	Вороновское поселение
2	45	45297581	Щербинка
2	45	45297577	Филимонковское
2	45	45297574	Сосенское
2	45	45297571	Рязановское
2	45	45297568	Мосрентген
2	45	45297565	Московский
2	45	45297562	Марушкинское
2	45	45297559	Кокошкино
2	45	45297556	Десёновское
2	45	45297554	Воскресенское
2	45	45297552	Внуковское
2	45	45297558	Спецтрассы
1	877	44	Магаданская область
2	44	44201	Ольский район
2	44	44222	Ягоднинский район
2	44	44216	Тенькинский район
2	44	44213	Сусуманский район
2	44	44210	Среднекамский район
2	44	44207	Северо-Эвенский район
2	44	44204	Омсуканский район
2	44	44219	Хасынский район
2	44	44401	г. Магадан
1	877	42	Липецкая область
2	42	2553840	Усманский район
2	42	2553510	Добринский район
2	42	2553420	Воловский район
2	42	2553810	Тербунский район
2	42	2553870	Хлевенский район
2	42	2553570	Долгоруковский район
2	42	2554000	Елецкий район
2	42	2553600	Задонский район
2	42	2553720	Лев-Толстовский район
2	42	2553900	Чаплыгинский район
2	42	2553690	Лебедянский район
2	42	2553480	Данковский район
2	42	2553630	Измалковский район
2	42	2553780	Становлянский район
2	42	2553660	Краснинский район
2	42	2553540	Добровский район
2	42	2553750	Липецкий район
2	42	2553450	Грязинский район
2	42	2899090	г.Елец
2	42	2899060	г.Липецк
1	877	41	Ленинградская область
2	41	41230	Ломоносовский район
2	41	41248	Тосненский район
2	41	41245	Тихвинский район
2	41	41242	Сланцевский район
2	41	41239	Приозерский район
2	41	41236	Подпорожский район
2	41	41233	Лужский район
2	41	41227	Людейнопольский район
2	41	41225	Кировский район
2	41	41224	Киришский район
2	41	41221	Кингисепский район
2	41	41218	Гатчинский район
2	41	41215	Выборгский район
2	41	41212	Всеволожский район
2	41	41209	Волховский район
2	41	41206	Волосовский район
2	41	41203	Бокситогорский район
2	41	41454	Сосновоборгский ГО
1	877	40	г. Санкт-Петербург
2	40	40298	Центральный район
2	40	40296	Фрунзенский район
2	40	40294	Пушкинский район
2	40	40290	Петродворцовый район
2	40	40288	Петроградский район
2	40	40285	Невский район
2	40	40284	Московский район
2	40	40281	Курортный район
2	40	40280	Кронштадтский район
2	40	40279	Красносельский район
2	40	40278	Красногвардейский район
2	40	40277	Колпинский район
2	40	40276	Кировский район
2	40	40273	Калининский район
2	40	40270	Приморский район
2	40	40265	Выборгский район
2	40	40263	Василеостровский район
2	40	40262	Адмиралтейский район
1	877	38	Курская область
2	38	38250	Щигровский район
2	38	38248	Черемисиновский район
2	38	38246	Хомутовский район
2	38	38244	Фатежский район
2	38	38242	Тимский район
2	38	38240	Суджанский район
2	38	38238	Солнцевский район
2	38	38236	Совесткий район
2	38	38234	Рыльский район
2	38	38232	Пристенский район
2	38	38230	Поныровский район
2	38	38228	Октябрьский район
2	38	38226	Обоянский район
2	38	38224	Медвеньский район
2	38	38223	Мантуровский район
2	38	38222	Льговский район
2	38	38221	Курчатовский район
2	38	38218	Кореневский район
2	38	38216	Конышевский район
2	38	38214	Касторенский  район
2	38	38212	Золотухинский район
2	38	38210	Желеногорский район
2	38	38208	Дмитриевский район
2	38	38206	Горшеченский район
2	38	38204	Глушковский район
2	38	38203	Большесолдатский район
2	38	38202	Беловский район
2	38	38220	Курский район
2	38	38401	г.Курск
1	877	37	Курганская область
2	37	37238	Шадринский район
2	37	37214	Кетовский район
2	37	37246	Юргамышский район
2	37	37244	Щучанский район
2	37	37242	Шумихинский район
2	37	37240	Шатровский район
2	37	37236	Частоозерский район
2	37	37234	Целинный район
2	37	37232	Сафакулевский район
2	37	37230	Притобольный район
2	37	37228	Половинский район
2	37	37226	Петуховский район
2	37	37224	Макроусовский район
2	37	37222	Мишкинский район
2	37	37220	Макушинский район
2	37	37218	Лебяжьевский район
2	37	37216	Куртамышский район
2	37	37212	Катайский район
2	37	37210	Каргапольский район
2	37	37209	Звериноголовский район
2	37	37208	Далматовский район
2	37	37206	Варгашинский район
2	37	37204	Белоозерский район
2	37	37202	Альменевский район
2	37	37405	г. Шабринск
2	37	37401	г. Курган
1	877	36	Самарская область
2	36	36250	Шигонский район
2	36	36248	Шенталинский район
2	36	36246	Челно-Вершинский район
2	36	36244	Хворостянский район
2	36	36242	Сызранский район
2	36	36238	Сергиевский район
2	36	36236	Приволжский район
2	36	36234	Похвистневский район
2	36	36232	Пестравский район
2	36	36230	Нефтегорский район
2	36	36228	Красноярский район
2	36	36226	Красноармейский район
2	36	36224	Кошкинский район
2	36	36222	Клявлинский район
2	36	36218	Кинельский район
2	36	36217	Камышлинский район
2	36	36216	Исаклинский район
2	36	36215	Елховский район
2	36	36212	Борский район
2	36	36210	Большечерниговский район
2	36	36208	Большеглушицкий район
2	36	36206	Богатовский район
2	36	36204	Безенчукский район
2	36	36202	Алексеевский район
2	36	36240	Ставропольский район
2	36	36214	Волжский район
2	36	36220	Кинель-Черкасский район
2	36	36401	г. Самара
2	36	36440	г. Тольятти
2	36	36413	г. Новокуйбышевск
2	36	36450	г. Чапаевск
2	36	36424	Отрадный
2	36	36418	Октябрьск
1	877	34	Костромская область
2	34	34242	Судиславский район
2	34	34244	Сусанинский район
2	34	34230	Островский район
2	34	34246	Чухломский район
2	34	34240	Солигаличский район
2	34	34210	Кадыйский район
2	34	34202	Антроповский район
2	34	34218	Макарьевский район
2	34	34234	Парфеньевский район
2	34	34212	Кологривский район
2	34	34222	Межевской район
2	34	34238	Пыщугский район
2	34	34236	Поназыревский район
2	34	34232	Павинский район
2	34	34206	Вохомский район
2	34	34228	Октябрьский район
2	34	34214	Костромской район
2	34	34216	Красносельский район
2	34	34226	Нерехтский район
2	34	34224	Нейский район
2	34	34204	Буйский район
2	34	34208	Галичский район
2	34	34220	Мантуровский район
2	34	34248	Шарьинский район
2	34	34401	г. Кострома
2	34	34406	г. Волгоречинск
1	877	33	Кировская область
2	33	33250	Яранский район
2	33	33247	Шабалинский район
2	33	33243	Фаленский район
2	33	33241	Уржумский район
2	33	33240	Унинский район
2	33	33238	Тужинский район
2	33	33237	Сунский район
2	33	33236	Советский район
2	33	33234	Свечинский район
2	33	33233	Санчурский район
2	33	33232	Подосиновский район
2	33	33231	Пижанский район
2	33	33245	Орловский район
2	33	33230	Оричевский район
2	33	33229	Опаринскийрайон
2	33	33228	Омутнинский район
2	33	33227	Нолинский район
2	33	33226	Немский район
2	33	33225	Нагорский район
2	33	33224	Мурашинский район
2	33	33223	Малмыжский район
2	33	33222	Лузский район
2	33	33221	Лебяжский район
2	33	33220	Куменский район
2	33	33217	Кильмезский район
2	33	33216	Кикнурский район
2	33	33214	Зуевский район
2	33	33212	Даровской район
2	33	33208	Верхошижемский район
2	33	33207	Верхнекамский район
2	33	33206	Богородский район
2	33	33205	Белохолуницкий район
2	33	33203	Афанасьевский район
2	33	33202	Арбажский район
2	33	33401	г. Киров
2	33	33249	Юрьянский район
2	33	33219	Котельничский район
2	33	33235	Слободской район
2	33	33218	Кирово-Чепецки район
2	33	33210	Вятско-Полянский район
1	877	32	Кемеровская область
2	32	32227	Таштагольский район
2	32	32222	Прокопьевский район
2	32	32201	Беловский район
2	32	32202	Гурьевский район
2	32	32213	Ленинск-Кузнецкий
2	32	32225	Промышленновский
2	32	32231	Топкинский район
2	32	32207	Кемеровский район
2	32	32210	Крапивинский район
2	32	32228	Тисульский район
2	32	32237	Чебулинский район
2	32	32234	Тяжинский район
2	32	32216	Мариинский район
2	32	32204	Ижморский район
2	32	32243	Яйский район
2	32	32246	Яшкинский район
2	32	32240	Юргинский район
2	32	32219	Новокузнецкий район
2	32	32440	г.Тайга
2	32	32416	г. Киселевск
2	32	32407	г. Белово
2	32	32425	г. Междуреченск
2	32	32431	г. Новокузнецк
2	32	32410	г. Березовский
2	32	32404	г. Анжеро-Судженс
2	32	32401	г. Кемерово
2	32	32415	г. Калтан
2	32	32437	г. Прокопьевск
2	32	32428	г. Мыски
2	32	32419	г. Ленинск-Кузнец
2	32	32434	г. Осинники
1	877	30	Камчатский край
2	30	30219	Усть-Камчатский район
2	30	30216	Усть-Большерецкий район
2	30	30213	Соболевский район
2	30	30129	Пенжинский район
2	30	30127	Олюторский район
2	30	30210	Мильковский район
2	30	30204	Быстринский район
2	30	30207	Елизовский район
2	30	30124	Карагинский район
2	30	30132	Тигильский район
2	30	30535	г. Вилючинск
2	30	30401	г. Петропавловск-Камчатский
2	30	30132657	пос. Палана
1	877	29	Калужская область
2	29	29415	г. Обнинск
2	29	29401	Калуга
2	29	29250	Юхновский район
2	29	29246	Хвастовичский район
2	29	29244	Ферзиковскй район
2	29	29242	Ульяновский район
2	29	29238	Тарусский район
2	29	29236	Сухиничский район
2	29	29234	Спас-Деменский район
2	29	29232	Перемышльский район
2	29	29229	Мосальский район
2	29	29227	Мещовский район
2	29	29225	Медынский район
2	29	29223	Малоярославецкий район
2	29	29220	Людиновский район
2	29	29218	Куйбышевский район
2	29	29216	Козельский район
2	29	29214	Кировский район
2	29	29215	Износковский район
2	29	29213	Жуковский район
2	29	29212	Жиздринский район
2	29	29208	Дзержинский район
2	29	29210	Думиничский район
2	29	29206	Боровской район
2	29	29204	Барятинский район
2	29	29202	Бабынинский район
1	877	28	Тверская область
2	28	28255	Торопенский район
2	28	28202	Андреапольский район
2	28	28216	Западнодвинский район
2	28	28214	Жарковский район
2	28	28243	Нелидовский район
2	28	28244	Оленинский район
2	28	28206	Бельский район
2	28	28246	Пеновский район
2	28	28245	Осташковский район
2	28	28248	Ржевский район
2	28	28253	Старицкий район
2	28	28218	Зубцовский район
2	28	28250	Селижаровский район
2	28	28257	Фировский район
2	28	28234	Кувшиновский район
2	28	28256	Удомельский район
2	28	28240	Максатихинский район
2	28	28204	Бежецкий район
2	28	28236	Лесной район
2	28	28249	Сандовский район
2	28	28210	Весьегонский район
2	28	28242	Молоковский район
2	28	28232	Краснохолмский район
2	28	28251	Сонковский район
2	28	28226	Кесовогорский район
2	28	28224	Кашинский район
2	28	28228	Кимрский район
2	28	28222	Калязинский район
2	28	28252	Спировский район
2	28	28238	Лихославльский район
2	28	28247	Рамешковский район
2	28	28230	Конаковский район
2	28	28220	Калининский район
2	28	28212	Вышневолоцкий район
2	28	28208	Бологовский район
2	28	28254	Торжокский район
2	28	28401	г.Тверь
2	28	28556	г.Солнечный
2	28	28553	г.Озерный
1	877	27	Калининградская область
2	27	27405	г.Балтийск
2	27	27420	г.Светлогорск
2	27	27430	г.Советск
2	27	27425	г.Светлый
2	27	27417	г.Пионерский
2	27	27401	г.Калининград
2	27	27239	Черняховский район
2	27	27236	Славский район
2	27	27233	Правдинский район
2	27	27230	Полесский район
2	27	27227	Озерский район
2	27	27224	Нестеровский район
2	27	27221	Неманский район
2	27	27218	Краснознаменский район
2	27	27215	Зеленоградский район
2	27	27212	Гусевский район
2	27	27209	Гурьевский район
2	27	27206	Гвардейский район
2	27	27203	Багратионовский район
2	27	27203510	г.Мамоново
1	877	26	Республика Ингушетия
2	26	26215	Малгобекский район
2	26	26205	Джейрахский район
2	26	26220	Назрановский район
2	26	26230	Сунженский  район
2	26	26401	г. Магас
2	26	26408	г. Карабулак
2	26	26406	г. Назрань
1	877	25	Иркутская область
2	25	25228	Нижнеудинский район
2	25	25238	Тулунский район
2	25	25236	Тайшетский район
2	25	25255	Шелеховский район
2	25	25203	Ангарский район
2	25	25244	Усть-Кутский район
2	25	25202	Бодайбинский район
2	25	25137	Эхирит-Булагатский район
2	25	25250	Чунский район
2	25	25246	Усть-Удинский район
2	25	25234	Слюдянский район
2	25	25133	Осинский район
2	25	25230	Ольхонский район
2	25	25132	Нукутский район
2	25	25226	Нижнеилимский район
2	25	25224	Мамско-Чуйский район
2	25	25222	Куйтунский район
2	25	25220	Киренский район
2	25	25218	Качугский район
2	25	25216	Катангский район
2	25	25214	Казачинско-Ленский район
2	25	25208	Заларинский район
2	25	25206	Жигаловский район
2	25	25126	Боханский район
2	25	25125	Баяндаевский район
2	25	25201	Балаганский район
2	25	25123	Аларский район
2	25	25204	Братский район
2	25	25242	Усть-Илимский район
2	25	25212	Иркутский район
2	25	25240	 Усольский район
2	25	25248	Черемховский район
2	25	25210	Зиминский район
2	25	25414	г. Братск
2	25	25401	г. Иркутск
2	25	25438	г. Усть-Илимск
2	25	25436	г. Усолье-Сибирское
2	25	25426	г. Саянск
1	877	24	Ивановская область
2	24	24237	Юрьевецкий район
2	24	24235	Южский район
2	24	24225	Савинский район
2	24	24223	Родниковский район
2	24	24221	Пучежский район
2	24	24220	Приволжский район
2	24	24219	Пестяковский район
2	24	24217	Палехский район
2	24	24215	Лухский район
2	24	24214	Лежневский район
2	24	24213	Комсомольский район
2	24	24209	Ильинский район
2	24	24205	Заволжский район
2	24	24203	Гаврилово-Посадский район
2	24	24202	Верхне-Ландеховский район
2	24	24229	Тейковский район
2	24	24233	Шуйский район
2	24	24231	Фурмановский район
2	24	24201	Вичугский район
2	24	24211	Кинешемский район
2	24	24207	Ивановский район
2	24	24401	г. Иваново
2	24	24207504	г. Кохма
1	877	22	Нижегородская область
2	22	22219	Вознесенский район
2	22	22232	Дивеевский район
2	22	22203	Арзамасский район
2	22	22401	г. Нижний новгород
2	22	22421	г. Джержинск
2	22	22258	Шахунский район
2	22	22257	Шатковский район
2	22	22256	Шарангский район
2	22	22255	Чкаловский район
2	22	22254	Уренский район
2	22	22253	Тоншаевский район
2	22	22252	Тонкинский район
2	22	22251	Спасский район
2	22	22250	Сосновский район
2	22	22259	Сокольский район
2	22	22249	Сеченовский район
2	22	22248	Сергачкий район
2	22	22247	Семеновский район
2	22	22246	Починковский район
2	22	22245	Пильнинский район
2	22	22244	Перевозский район
2	22	22243	Первомайский район
2	22	22242	Павловский район
2	22	22241	Навашинский район
2	22	22240	Лысковский район
2	22	22239	Лукояновский район
2	22	22238	Кулебакский район
2	22	22237	Кстовский район
2	22	22236	Краснооктябрьский район
2	22	22235	Краснобаковский район
2	22	22234	Ковернинский район
2	22	22233	Княгининский район
2	22	22230	Дальнеконстантиновский район
2	22	22228	Городецкий район
2	22	22226	Гагинский район
2	22	22224	Выксунский район
2	22	22222	Воскресенский район
2	22	22221	Воротынский район
2	22	22231	Володарский район
2	22	22218	Ветлужский район
2	22	22217	Вачский район
2	22	22215	Варнавинский район
2	22	22214	Вадский район
2	22	22212	Бутурлинский район
2	22	22211	Борский район
2	22	22210	Большемурашкинский район
2	22	22209	Большеболдинский район
2	22	22207	Богородский район
2	22	22205	Балахнинский район
2	22	22202	Ардатовский район
2	22	22403	г. Арзамас
2	22	22503	г. Саров
1	877	20	Воронежская область
2	20	20401	г. Воронеж
2	20	20258	Эртильский район
2	20	20256	Хохольский район
2	20	20254	Терновский район
2	20	20251	Таловский район
2	20	20249	Семилукский район
2	20	20247	Россошанский район
2	20	20245	Репьевский район
2	20	20243	Рамонский район
2	20	20241	Подгоренский район
2	20	20239	Поворинский район
2	20	20237	Петропавловский район
2	20	20235	Панинский район
2	20	20233	Павловский район
2	20	20231	Острогожский район
2	20	20229	Ольховатский район
2	20	20227	Новохоперский район
2	20	20225	Новоусманский район
2	20	20221	Лискинский район
2	20	20223	Нижнедевицкий район
2	20	20220	Каширский район
2	20	20216	Кантемировский район
2	20	20217	Каменский район
2	20	20215	Калачеевский район
2	20	20213	Грибановский район
2	20	20212	Воробьевский район
2	20	20211	Верхнехавский район
2	20	20210	Верхнемамонский район
2	20	20208	Бутурлиновский район
2	20	20206	ГО Борисоглебский
2	20	20205	Богучарский район
2	20	20204	Бобровский район
2	20	20202	Аннинский район
2	20	20427	г. Нововоронеж
1	877	19	Вологодская область
2	19	19256	Череповецкий район
2	19	31922	Вологодский район
2	19	19258	Шекснинский район
2	19	19254	Чагодощенский район
2	19	19252	Харовский район
2	19	19250	Устюженский район
2	19	19248	Усть-Кубинский район
2	19	19246	Тотемский район
2	19	19242	Тарногский район
2	19	19240	Сямженский район
2	19	19238	Сокольский район
2	19	19236	Нюксенский район
2	19	19234	Никольский район
2	19	19232	Междуреченский район
2	19	19230	Кичменгско-Городецкий район
2	19	19228	Кирилловский район
2	19	19226	Кадуйский район
2	19	19224	Грязовецкий район
2	19	19222	Вытегорский район
2	19	19218	Вожегодский район
2	19	19216	Верховажский район
2	19	19214	Великоустюгский район
2	19	19212	Вашкинский район
2	19	19210	Белозерский район
2	19	19208	Бабушкинский район
2	19	19205	Бабаевский район
2	19	19430	г.Череповец
2	19	19401	г.Вологда
1	877	18	Волгоградская область
2	18	18258	Чернышковский
2	18	18253	Суровикинский
2	18	18252	Старополтавский
2	18	18250	Серафимовичский
2	18	18249	Светлоярский
2	18	18247	Руднянский
2	18	18246	Кумылженский
2	18	18245	Палласовский
2	18	18243	Ольховский
2	18	18242	Октябрьский
2	18	18240	Новоникольевский
2	18	18238	Новоаннинский
2	18	18236	Николаевский
2	18	18234	Нехаевский
2	18	18230	Ленинский
2	18	18226	Котовский
2	18	18224	Котельниковский
2	18	18222	Клетский
2	18	18220	Киквидзенский
2	18	18216	Калачевский
2	18	18214	Иловлинский
2	18	18212	Жирновский
2	18	18210	Еланский
2	18	18208	Дубовский
2	18	18206	Даниловский
2	18	18205	Городищенский
2	18	18204	Быковский
2	18	18202	Алексеевский
2	18	18251	Средне-ахтубенский
2	18	18218	Камышинский
2	18	18232	Михайловский
2	18	18256	Фроловский
2	18	18254	Урюпинский
2	18	80512	Волгоград
2	18	80511	Волжский
1	877	17	Владимирская область
2	17	17256	Юрьев-Полский район
2	17	17248	Селивановский район
2	17	17246	Петушинский район
2	17	17242	Меленковский район
2	17	17230	Киржачский район
2	17	17225	Камешковский район
2	17	17215	Гороховецкий район
2	17	17205	Александровский район
2	17	17240	Кольчугинский район
2	17	17250	Собинский район
2	17	17210	Вязниковский район
2	17	17401	г.Владимир
2	17	17254	Суздальский район
2	17	17252	Судогодский район
2	17	17220	Гусь-Хрустальный район
2	17	17244	Муромский район
2	17	17235	Ковровский район
2	17	17435	г.Муром
2	17	17537	г.Радужный
2	17	17425	г.Ковров
2	17	17420	г.Гусь-Хрустальный
1	877	15	Брянская область
2	15	15258	Унеченский район
2	15	15256	Трубчевский район
2	15	15254	Суражский район
2	15	15252	Суземский район
2	15	15250	Стародубский район
2	15	15248	Севский район
2	15	15246	Рогнединский район
2	15	15244	Почепский район
2	15	15242	Погарский район
2	15	15240	Новозыбковский район
2	15	15238	Навлинский район
2	15	15236	Мглинский район
2	15	15234	Красногорский район
2	15	15232	Комаричский район
2	15	15230	Клинцовский район
2	15	15228	Климовский район
2	15	15226	Клетянский район
2	15	15224	Карачевский район
2	15	15223	Злынковский район
2	15	15222	Жуковский район
2	15	15220	Жирятинский район
2	15	15216	Дятьковский район
2	15	15212	Дубровский район
2	15	15211	Гордеевский район
2	15	15210	Выгоничский район
2	15	15208	Брянский район
2	15	15204	Брасовский район
2	15	15425	г.Сельцо
2	15	15401	г.Брянск
1	877	14	Белгородская область
2	14	14401	г.Белгород
2	14	14258	Яковлевский район
2	14	14256	Шебекинский  район
2	14	14254	Чернянский район
2	14	14252	Старооскольский район
2	14	14250	Ровеньский район
2	14	14248	Рекитянский район
2	14	14246	Прохоровский район
2	14	14244	Новооскольский район
2	14	14243	Краснояружский район
2	14	14242	Красногвардеский район
2	14	14241	Красненский район
2	14	14240	Корочанский район
2	14	14238	Ивнянский район
2	14	14235	Губкинский район
2	14	14232	Грайворонский район
2	14	14230	Волоконовский район
2	14	14225	Вейделевский район
2	14	14220	Валуйский район
2	14	14215	Борисовский район
2	14	14210	Белгородский район
2	14	14205	Алексеевский район
1	877	12	Астраханская область
2	12	12401	г.Астрахань
2	12	12250	Черноярский район
2	12	12245	Харабалинский район
2	12	12242	Приволжский район
2	12	12240	Наримановский район
2	12	12235	Лиманский район
2	12	12230	Красноярский район
2	12	12225	Камызякский район
2	12	12220	Икрянский район
2	12	12215	Енотовский район
2	12	12210	Володарский район
2	12	12205	Ахтубинский район
2	12	12519	ЗАТО Знаменск
1	877	11	Архангельский край
2	11	11246	Онежский район
2	11	11242	Мезенский район
2	11	11218	Каргопольский район
2	11	11222	Коношский район
2	11	11205	Вельский район
2	11	11254	Устьянский район
2	11	11244	Няндомский район
2	11	11230	Красноборский район
2	11	11211	Вилегодский район
2	11	11235	Ленский район
2	11	11256	Холмогорский район
2	11	11248	Пинежский район
2	11	11208	Верхнетоемский район
2	11	11214	Виноградовский район
2	11	11258	Шенкурский район
2	11	11238	Лешуконский район
2	11	11243	Новая Земля
2	11	11252	Приморский район
2	11	11250	Плесецкий район
2	11	11227	Котласский район
2	11	11415	г. Новодвинск
2	11	11525	ЗАТО Мирный
2	11	11410	г. Котлас
2	11	11401	г. Архангельск
2	11	11430	г. Северодвинск
2	11	11408	г. Коряжма
1	877	10	Амурская область
2	10	10215	Бурейский район
2	10	10211	Благовещенский район
2	10	10242	Свободненский район
2	10	10247	Серышевский район
2	10	10205	Белогорский район
2	10	10255	Шимановский район
2	10	10254	Тындинский район
2	10	10225	Зейский район
2	10	10251	Тамбовский район
2	10	10249	Сковородинский район
2	10	10245	Селемджинский район
2	10	10240	Ромненский район
2	10	10238	Октябрьский район
2	10	10235	Михайловский район
2	10	10232	Мазановский район
2	10	10231	Магдагачинский район
2	10	10230	Константиновский район
2	10	10228	Ивановский район
2	10	10221	7 - Завитинский район
2	10	10200	Архаринский район
2	10	10570	пгт. Углегорск
2	10	10401	г. Благовещенск
2	10	10420	г. Райчихинск
1	877	8	Хабаровский край
2	8	8255	Хабаровский район
2	8	8250	Комсомольский район
2	8	8246	Тугуро-Чумиканский район
2	8	8244	Солнечный район
2	8	8242	Советско-Гаванский район
2	8	8237	им. Полины Осипенко район
2	8	8224	им. Лазо район
2	8	8234	Охотский район
2	8	8231	Николаевский  район
2	8	8228	Нанайский район
2	8	8217	Вяземский район
2	8	8214	Верхнебуреинский район
2	8	8212	Ванинский район
2	8	8209	Бикинский  район
2	8	8206	Тугуро-Чумиканский район
2	8	8203	Амурский район
2	8	8220	Комсомольский район
2	8	8409	г. Комсомольск-на-Амуре
2	8	8401	г. Хабаровск
1	877	7	Ставропольский край
2	7	7258	Шпаковский район
2	7	7256	Туркменский район
2	7	7254	Труновский район
2	7	7252	Степновский район
2	7	7250	Советский район
2	7	7248	Предгорный район
2	7	7246	Петровский район
2	7	7244	Новоселицкий район
2	7	7243	Новоалександровский район
2	7	7241	Нефтекумский район
2	7	7236	Левокумский район
2	7	7233	Курский район
2	7	7230	Красногвардейский район
2	7	7228	Кочубеевский район
2	7	7225	Кировский район
2	7	7222	Ипатовский район
2	7	7220	Изобильненский район
2	7	7217	Грачевский район
2	7	7210	Благодарненский район
2	7	7207	Арзгирский район
2	7	7205	Апанасенковский район
2	7	7232	Андроповский район
2	7	7202	Александровский район
2	7	7239	Минераловодский район
2	7	7212	Будённовский район
2	7	7215	Георгиевский район
2	7	7418	г.Лермонтов
2	7	7401	г.Ставрополь
2	7	7415	г.Кисловодск
2	7	7410	г.Ессентуки
2	7	7424	г.Невинномысск
2	7	7412	г.Железноводск
2	7	7427	г.Пятигорск
1	877	5	Приморский край
2	5	5423	Уссурийский ГО
2	5	5417	г. Партизанск
2	5	5414	Находкинский ГО
2	5	5411	Лесозаводской ГО
2	5	5407	Дальнегорский ГО
2	5	5401	г. Владивосток
2	5	5405	Артёмовский ГО
2	5	5259	Яковлевский район
2	5	5255	Чугуевский район
2	5	5253	Черниговский район
2	5	5250	Хорольский район
2	5	5248	Хасанский район
2	5	5246	Ханкайский район
2	5	5240	Тернейский район
2	5	5234	Пожарский район
2	5	5232	Пограничный район
2	5	5230	Партизанский район
2	5	5228	Ольгинский район
2	5	5226	Октябрьский район
2	5	5223	Надеждинский район
2	5	5220	Михайловский район
2	5	5217	Лазовский район
2	5	5214	Красноармейский район
2	5	5212	Кировский район
2	5	5210	Кавалеровский район
2	5	5207	Дальнереченский район
2	5	5202	Анучинский район
2	5	5257	Шкотовский район
2	5	5237	Спасский район
2	5	5420	Спасский ГО
2	5	5506	Большекаменский ГО 
2	5	5547	Фокинский ГО 
2	5	5403	Арсеньевский ГО
1	877	4	Красноярский край
2	4	4233	Минусинский район
2	4	4247	Рыбинский район
2	4	4221	Канский район
2	4	4214	Емельяновский район
2	4	4258	Шарыповский район
2	4	4203	Ачинский район
2	4	4208	Боготольский район
2	4	4130	Эвенкийский район
2	4	4259	Шушенский район
2	4	4257	Уярский район
2	4	4256	Ужурский район
2	4	4255	Тюхтетский район
2	4	4254	Туруханский район
2	4	4252	Тасеевский район
2	4	4249	Северо-Енисейский район
2	4	4248	Саянский район
2	4	4245	Пировский район
2	4	4243	Партизанский район
2	4	4241	Новосёловский район
2	4	4239	Нижнеингашский район
2	4	4237	Назаровский район
2	4	4235	Мотыгинский район
2	4	4231	Манский район
2	4	4230	Курагинский район
2	4	4228	Краснотуранский район
2	4	4226	Козульский район
2	4	4224	Кежемский район
2	4	4222	Каратузский район
2	4	4220	Казачинский район
2	4	4219	Ирбейский район
2	4	4217	Идринский район
2	4	4218	Иланский район
2	4	4216	Ермаковский район
2	4	4213	Дзержинский район
2	4	4211	Большеулуйский район
2	4	4210	Большемуртинский район
2	4	4209	Богучанский район
2	4	4206	Бирилюсский район
2	4	4205	Берёзовский район
2	4	4204	Балахтинский район
2	4	4201	Абанский район
2	4	4100	Таймырский район
2	4	4215	Енисейский район
2	4	44060	г.Боготол 
2	4	44260	г.Назарово
2	4	44030	г.Ачинск
2	4	44330	г.Сосновоборск
2	4	44200	г.Канск
2	4	44070	г.Бородино 
2	4	45370	ЗАТО Зеленогорск
2	4	44010	г.Красноярск 
2	4	44090	г.Дивногорск  
2	4	44400	г.Шарыпово
2	4	44120	г.Енисейск 
2	4	44290	г.Норильск 
2	4	44230	г.Минусинск
2	4	4535	ЗАТО Железногорск
2	4	4251	Сухобузимский район
1	877	3	Краснодарский край
2	3	3405	г. Армавир
2	3	3426	г. Сочи
2	3	3409	г. Горячий ключ
2	3	3408	г. Геленджик
2	3	3420	г. Новороссийск
2	3	3401	г. Краснодар
2	3	3237	Отрадненский район
2	3	3230	Лабинский район
2	3	3233	Мостовской район
2	3	3255	Туапсинский район
2	3	3256	Успенский район
2	3	3234	Новокубанский район
2	3	3227	Курганинский район
2	3	3205	Апшеронский район
2	3	3208	Белоречинский район
2	3	3243	Северский район
2	3	3201	Абинский район
2	3	3225	Крымский район
2	3	3403	г. Анапа
2	3	3251	Темрюкский район
2	3	3213	Гулькевичский район
2	3	3218	Кавказский район
2	3	3249	Тбилисский район
2	3	3257	Усть-Лабинский район
2	3	3214	Динской район
2	3	3221	Кореновский район
2	3	3253	Тимашевский район
2	3	3219	Калининский район
2	3	3223	Красноармейский район
2	3	3245	Славянский район
2	3	3207	Белоглинский район
2	3	3235	Новопокровский район
2	3	3254	Тихорецкий район
2	3	3212	Выселковский район
2	3	3210	Брюховецкий район
2	3	3241	Приморско-Ахтарский район
2	3	3239	Павловский район
2	3	3232	Ленинградский район
2	3	3220	Каневский район
2	3	3224	Крыловский район
2	3	3228	Кущевский район
2	3	3247	Староминской район
2	3	3259	Щербиновский район
2	3	3216	Ейский район
1	877	1	Алтайский край
2	1	14011	г.Барнаул
2	1	12601	Немецкий национальный район
2	1	12591	Шипуновский район
2	1	12581	Чарышский район
2	1	12571	Целинный район
2	1	12561	Хабарский район
2	1	12551	Усть-Пристанский район
2	1	12541	Усть-Калманский район
2	1	12531	Угловский район
2	1	12521	Тюменцевский район
2	1	12511	Троицкий район
2	1	12501	Третьсяковский район
2	1	12491	Топчихинский район
2	1	12481	Тогульский район
2	1	12471	Тальменский район
2	1	12461	Табунский район
2	1	12451	Шелаболихинский район
2	1	12441	Солтонский район
2	1	12431	Солонешенский район
2	1	12421	Советский район
2	1	12411	Суетский район
2	1	1239	Славгородский район
2	1	12371	Романовский район
2	1	12361	Родинский район
2	1	12351	Ребрихинский район
2	1	12341	Поспелихинский район
2	1	12331	Петропавловский район
2	1	12311	Панкрушихинский район
2	1	12301	Павловский район
2	1	12291	Зональный район
2	1	12281	Новичихинский район
2	1	12271	Михайловский район
2	1	12261	Мамонтовский район
2	1	12251	Локтевский район
2	1	12241	Кытмановский район
2	1	12231	Курьинский район
2	1	12221	Кулундинский район
2	1	12211	Крутихинский район
2	1	12201	Краснощековский район
2	1	12191	Красногорский район
2	1	12181	Косихинский район
2	1	12171	Ключевский район
2	1	1216	Каменский район
2	1	12151	Калманский район
2	1	1214	Змеиногорский район
2	1	12121	Залесовский район
2	1	12111	Завьяловский район
2	1	12101	Ельцовский район
2	1	12091	Егорьевский район
2	1	12081	Волчихинский район
2	1	12071	Быстроистокский район
2	1	12061	Бурлинский район
2	1	12051	Благовещенский район
2	1	12031	Баевский район
2	1	12021	Алтайский район
2	1	1201	Алейский район
2	1	1240	Смоленский район
2	1	1238	Рубцовский район
2	1	1232	Первомайский район
2	1	1213	Заринский район
2	1	1204	Бийский район
2	1	1416	г.Рубцовск
2	1	1406	г.Заринск
2	1	1405	г.Бийск
2	1	1404	г.Белокуриха
2	1	1555	г.Сибирский
2	1	1413	г.Новоалтайск
2	1	1430	г.Яровое
1	877	35	Республика Крым
2	35	8125	Ялта
2	35	8124	Феодосия
2	35	8123	Судак
2	35	8122	Симферополь
2	35	8119	Керчь
2	35	8118	Евпатория
2	35	8116	Армянск
2	35	8115	Алушта
2	35	8114	Черноморский
2	35	8113	Советский
2	35	8112	Симферопольский
2	35	8111	Сакский
2	35	8110	Раздольненский
2	35	8109	Первомайский
2	35	8108	Нижнегорский
2	35	8107	Ленинский
2	35	8106	Красноперекопский
2	35	8105	Красногвардейский
2	35	8104	Кировский
2	35	8103	Джанкойский
2	35	8102	Белогорский
2	35	8101	Бахчисарайский район
1	877	67	г. Севастополь
2	67	8126	Севастополь
2	67	8127	Инкерман
0	877	877	Россия
